Date,Time,P,OP
2022-06-29,11:56:00,682,613
2022-06-30,12:14:40,688,618
2022-07-01,12:33:20,695,623
2022-07-02,12:52:00,702,628
2022-07-03,13:23:30,707,635
2022-07-04,13:55:00,712,642
2022-07-05,14:34:00,717,646
2022-07-06,15:42:00,722,650.5
2022-07-07,16:50:00,727,655
2022-07-08,16:59:00,731.5,660
2022-07-09,17:08:00,736,665
2022-07-10,17:17:00,740.5,670
2022-07-11,17:26:00,745,675
2022-07-12,16:00:00,750,680
2022-07-13,15:52:09,754.43,684.29
2022-07-14,15:44:17,758.86,688.58
2022-07-15,15:36:26,763.29,692.87
2022-07-16,15:28:34,767.72,697.16
2022-07-17,15:20:43,772.15,701.45
2022-07-18,15:12:51,776.58,705.74
2022-07-19,15:05:00,781,710
2022-07-20,15:19:15,786.25,714
2022-07-21,15:33:30,791.5,718
2022-07-22,15:47:45,796.75,722
2022-07-23,16:02:00,802,726
2022-07-24,15:19:00,806.3333333,730.6666667
2022-07-25,14:36:00,810.6666667,735.3333333
2022-07-26,13:53:00,815,740
2022-07-27,14:40:00,819,744.5
2022-07-28,15:27:00,823,749
2022-07-29,19:38:00,828,752
2022-07-30,17:47:00,832,753
2022-07-31,13:26:00,834,759
2022-08-01,20:54:00,841,763
2022-08-02,18:51:00,844.5,767.5
2022-08-03,16:48:00,848,772
2022-08-04,13:54:00,851,776
2022-08-05,11:00:00,854,780
2022-08-06,14:56:00,859,784
2022-08-07,16:04:15,863.25,789
2022-08-08,17:12:30,867.5,794
2022-08-09,18:20:45,871.75,799
2022-08-10,19:29:00,876,804
2022-08-11,15:47:30,879.5,808
2022-08-12,12:06:00,883,812
2022-08-13,15:50:00,888,816
2022-08-14,11:41:00,891,819
2022-08-15,13:34:00,895.5,823.5
2022-08-16,15:27:00,900,828
2022-08-17,13:26:00,903,832
2022-08-18,13:03:30,907,836.5
2022-08-19,12:41:00,911,841
2022-08-20,17:41:00,917,847
2022-08-21,14:11:00,920,851
2022-08-22,17:31:00,924,855
2022-08-23,14:37:00,927.5,858.5
2022-08-24,11:43:00,931,862
2022-08-25,20:24:00,938,866
2022-08-26,13:50:00,940,871
2022-08-27,18:29:00,947,876
2022-08-28,15:13:00,950,879.5
2022-08-29,11:57:00,953,883
2022-08-30,16:25:00,959,888
2022-08-31,10:47:00,962,893
2022-09-01,12:34:40,967,898.3
2022-09-02,14:22:20,972,903.6
2022-09-03,16:10:00,977,909
2022-09-04,15:00:00,981,913
2022-09-05,14:00:00,985,917
2022-09-06,12:17:00,989,921
2022-09-07,12:44:00,994,926
2022-09-08,13:11:00,999,931
2022-09-09,20:02:00,1005,936
2022-09-10,17:06:00,1009,940.5
2022-09-11,14:16:00,1013,945
2022-09-12,18:30:00,1020,949
2022-09-13,14:14:00,1023,953
2022-09-14,15:32:00,1027,954
2022-09-15,15:30:00,1031,954.5
2022-09-16,15:45:00,1035,955
2022-09-17,18:17:00,1040,956
2022-09-18,10:53:00,1042,965
2022-09-19,15:52:00,1048,966
2022-09-20,12:51:00,1051,966.5
2022-09-21,13:52:00,1055,972
2022-09-22,16:32:00,1061,980
2022-09-23,19:41:00,1065,983
2022-09-24,18:28:00,1068.5,987
2022-09-25,17:15:00,1072,991
2022-09-26,16:02:00,1075.5,995
2022-09-27,14:50:00,1079,999
2022-09-28,18:14:00,1082,1004
2022-09-29,14:41:00,1085,1010
2022-09-30,18:00:00,1089,1013
2022-10-01,20:45:00,1094,1017
2022-10-02,16:59:00,1096,1023
2022-10-03,20:55:00,1100,1027
2022-10-04,18:23:00,1103.5,1030
2022-10-05,15:51:00,1107,1033
2022-10-06,10:29:00,1110,1034
2022-10-07,19:37:00,1117,1036
2022-10-08,15:47:00,1120,1044
2022-10-09,17:35:00,1123,1045
2022-10-10,20:47:00,1129,1045
2022-10-11,09:52:00,1130,1046
2022-10-12,16:47:00,1136,1057
2022-10-13,15:41:00,1139,1060
2022-10-14,13:07:00,1142,1065
2022-10-15,15:58:00,1145,1075
2022-10-16,17:39:00,1148.5,1079
2022-10-17,19:20:00,1152,1083
2022-10-18,19:11:00,1155,1089
2022-10-19,19:09:00,1157,1094
2022-10-20,18:59:00,1159,1099
2022-10-21,19:06:00,1162,1104
2022-10-22,19:08:00,1165.3,1108
2022-10-23,19:09:00,1168.6,1112
2022-10-24,19:11:00,1172,1116
2022-10-25,19:20:00,1176,1123
2022-10-26,18:56:00,1178,1128
2022-10-27,18:56:00,1180,1130
2022-10-28,19:18:00,1183,1138
2022-10-29,16:10:00,1185,1143
2022-10-30,12:54:00,1187,1148
2022-10-31,19:16:00,1192,1152
2022-11-01,19:12:00,1194,1156
2022-11-02,19:01:00,1195,1162
2022-11-03,19:02:00,1198,1168
2022-11-04,19:03:00,1201,1173
2022-11-05,19:12:00,1206.7,1178.3
2022-11-06,19:23:00,1212.4,1183.6
2022-11-07,19:32:00,1218,1189
2022-11-08,19:11:00,1221,1198
2022-11-09,19:23:00,1223,1204
2022-11-10,19:00:00,1226,1211
2022-11-11,19:03:00,1229,1216
2022-11-12,10:38:00,1231,1217
2022-11-13,14:45:00,1235.5,1222.5
2022-11-14,19:08:00,1240,1228
2022-11-15,19:07:00,1243,1234
2022-11-16,19:04:00,1245,1239
2022-11-17,19:09:00,1249,1247
2022-11-18,18:53:00,1252,1257
2022-11-19,19:13:00,1263.7,1267.3
2022-11-20,19:33:00,1275.4,1277.6
2022-11-21,19:53:00,1287,1288
2022-11-22,18:50:00,1292,1299
2022-11-23,18:58:00,1299,1311
2022-11-24,18:52:00,1303,1320
2022-11-25,19:29:00,1308,1329
2022-11-26,15:52:00,1322,1339
2022-11-27,17:30:00,1326.5,1348
2022-11-28,19:12:00,1331,1357
2022-11-29,19:00:00,1338,1366
2022-11-30,19:12:00,1352,1377
2022-12-01,18:53:00,1358,1387
2022-12-02,19:21:00,1373,1396
2022-12-03,19:15:00,1389.3,1408.3
2022-12-04,19:10:00,1405.6,1420.6
2022-12-05,19:05:00,1422,1433
2022-12-06,19:58:00,1434,1445
2022-12-07,19:19:00,1444,1456
2022-12-08,18:48:00,1453,1472
2022-12-09,18:47:00,1463,1486
2022-12-10,18:12:00,1487,1499
2022-12-11,18:38:00,1506,1512
2022-12-12,19:04:00,1525,1525
2022-12-13,19:12:00,1544,1542
2022-12-14,18:04:00,1566,1555
2022-12-15,19:02:00,1587,1574
2022-12-16,19:18:00,1603,1588
2022-12-17,19:18:00,1623,1598
2022-12-18,19:18:00,1643,1608
2022-12-19,19:18:00,1663,1618
2022-12-20,18:50:00,1670,1628
2022-12-21,19:21:00,1679,1637
2022-12-22,19:01:00,1687,1651
2022-12-23,18:57:00,1695,1659
2022-12-24,18:58:00,1705.7,1667
2022-12-25,18:58:00,1716.4,1675
2022-12-26,18:59:00,1727,1683
2022-12-27,19:03:00,1736,1694
2022-12-28,18:51:00,1745,1705
2022-12-29,18:54:00,1752,1713
2022-12-30,18:53:00,1760,1722
2022-12-31,16:13:00,1771,1725
2023-01-01,15:15:00,1782,1729
2023-01-02,19:23:00,1791,1741
2023-01-03,18:56:00,1799,1752
2023-01-04,19:19:00,1806,1763
2023-01-05,19:17:00,1813,1771
2023-01-06,19:45:00,1820,1778
2023-01-07,17:47:00,1828,1780
2023-01-08,15:47:00,1836,1782
2023-01-09,19:01:00,1845,1795
2023-01-10,18:59:00,1854,1805
2023-01-11,19:26:00,1863,1815
2023-01-12,18:44:00,1871,1823
2023-01-13,18:28:00,1881,1835
2023-01-14,13:06:00,1892,1835
2023-01-15,16:10:00,1905,1845.5
2023-01-16,19:14:00,1918,1856
2023-01-17,19:00:00,1928,1867
2023-01-18,18:57:00,1939,1882
2023-01-19,19:13:00,1951,1895
2023-01-20,19:19:00,1962,1902
2023-01-21,16:45:00,1986,1909
2023-01-22,17:56:00,2013,1927
2023-01-23,19:09:00,2026,1943
2023-01-24,18:56:00,2036,1957
2023-01-25,18:15:00,2039,1968
2023-01-26,14:56:00,2047,1975
2023-01-27,04:35:00,2057,1977
2023-01-28,05:01:00,2057.714286,1977.285714
2023-01-29,05:27:00,2058.428571,1977.571429
2023-01-30,05:54:00,2059.142857,1977.857143
2023-01-31,06:20:00,2059.857143,1978.142857
2023-02-01,06:46:00,2060.571429,1978.428571
2023-02-02,07:13:00,2061.285714,1978.714286
2023-02-03,07:39:00,2062,1979
2023-02-04,08:05:00,2062.714286,1979.285714
2023-02-05,08:32:00,2063.428571,1979.571429
2023-02-06,08:58:00,2064.142857,1979.857143
2023-02-07,09:24:00,2064.857143,1980.142857
2023-02-08,09:51:00,2065.571429,1980.428571
2023-02-09,10:18:00,2066.285714,1980.714286
2023-02-10,10:46:00,2067,1981
2023-02-11,10:31:00,2117,1987
2023-02-12,11:12:00,2136,1994
2023-02-13,15:18:00,2147,2000
2023-02-14,15:20:00,2159,2012
2023-02-15,15:02:00,2169,2023
2023-02-16,15:53:00,2180,2034
2023-02-17,15:41:00,2188,2042
2023-02-18,12:22:00,2198,2048
2023-02-19,14:56:00,2207,2055.5
2023-02-20,15:26:00,2216,2063
2023-02-21,15:16:00,2221,2072
2023-02-22,15:41:00,2227,2079
2023-02-23,15:07:00,2236,2088
2023-02-24,15:28:00,2244,2099
2023-02-25,19:35:00,2263,2109
2023-02-26,17:37:00,2277,2120
2023-02-27,13:11:00,2288,2130
2023-02-28,15:21:00,2300,2143
2023-03-01,15:17:00,2310,2155
2023-03-02,15:14:00,2321,2166
2023-03-03,15:16:00,2331,2178
2023-03-04,15:00:00,2342.7,2190.7
2023-03-05,15:00:00,2354.4,2203.4
2023-03-06,14:53:00,2366,2216
2023-03-07,14:42:00,2376,2226
2023-03-08,14:49:00,2387,2240
2023-03-09,15:05:00,2401,2253
2023-03-10,14:42:00,2415,2270
2023-03-11,14:30:00,2432.5,2280.5
2023-03-12,13:54:00,2450,2291
2023-03-13,14:49:00,2457,2303
2023-03-14,14:59:00,2466,2313
2023-03-15,14:54:00,2475,2322
2023-03-16,14:45:00,2484,2336
2023-03-17,15:26:00,2489,2341
2023-03-18,13:46:00,2494.5,2346.5
2023-03-19,12:06:00,2500,2352
2023-03-20,14:41:00,2505,2362
2023-03-21,14:43:00,2509,2371
2023-03-22,14:46:00,2512,2380
2023-03-23,15:14:00,2516,2386
2023-03-24,14:45:00,2519,2394
2023-03-25,14:46:00,2526.7,2400.7
2023-03-26,14:48:00,2534.4,2407.4
2023-03-27,14:50:00,2542,2414
2023-03-28,14:55:00,2551,2424
2023-03-29,14:54:00,2557,2431
2023-03-30,15:07:00,2559,2437
2023-03-31,15:25:00,2562,2445
2023-04-01,08:42:00,2567,2450
2023-04-02,12:07:00,2581,2456
2023-04-03,10:34:00,2591,2464
2023-04-04,09:31:00,2601,2473
2023-04-05,18:51:00,2606,2479
2023-04-06,19:10:00,2611,2487
2023-04-07,18:52:00,2613,2493
2023-04-08,11:50:00,2618,2500
2023-04-09,11:13:00,2623,2507
2023-04-10,19:12:00,2628,2512
2023-04-11,18:48:00,2632,2520
2023-04-12,18:37:00,2635,2526
2023-04-13,18:55:00,2638,2532
2023-04-14,18:25:00,2641,2538
2023-04-15,16:31:00,2645,2547
2023-04-16,17:53:00,2650.5,2553
2023-04-17,19:15:00,2656,2559
2023-04-18,18:41:00,2658,2565
2023-04-19,18:49:00,2662,2571
2023-04-20,18:57:00,2665,2580
2023-04-21,18:53:00,2667,2588
2023-04-22,18:59:40,2672.3,2593.3
2023-04-23,19:06:20,2677.6,2598.6
2023-04-24,19:13:00,2683,2604
2023-04-25,18:50:00,2687,2611
2023-04-26,19:02:00,2690,2619
2023-04-27,18:55:00,2692,2625
2023-04-28,11:18:00,2700,2636
2023-04-29,13:48:40,2704.3,2639.7
2023-04-30,16:19:20,2708.6,2643.4
2023-05-01,18:50:00,2713,2647
2023-05-02,19:14:00,2717,2654
2023-05-03,18:52:00,2720,2661
2023-05-04,19:26:00,2723,2668
2023-05-05,18:47:00,2726,2675
2023-05-06,18:49:40,2731,2680.7
2023-05-07,18:52:20,2736,2686.4
2023-05-08,18:55:00,2741,2692
2023-05-09,18:41:00,2744,2696
2023-05-10,19:03:00,2748,2701
2023-05-11,18:52:00,2751,2706
2023-05-12,18:55:00,2753,2713
2023-05-13,18:53:40,2758,2718.3
2023-05-14,18:52:20,2763,2723.6
2023-05-15,18:51:00,2768,2729
2023-05-16,18:51:00,2771,2734
2023-05-17,04:52:00,2772,2735
2023-05-18,05:13:34,2773,2735.428571
2023-05-19,05:35:09,2774,2735.857143
2023-05-20,05:56:43,2775,2736.285714
2023-05-21,06:18:17,2776,2736.714286
2023-05-22,06:39:51,2777,2737.142857
2023-05-23,07:01:26,2778,2737.571429
2023-05-24,07:23:00,2779,2738
2023-05-25,07:44:34,2780,2738.428571
2023-05-26,08:06:09,2781,2738.857143
2023-05-27,08:27:43,2782,2739.285714
2023-05-28,08:49:17,2783,2739.714286
2023-05-29,09:10:51,2784,2740.142857
2023-05-30,09:32:26,2785,2740.571429
2023-05-31,19:17:00,2796,2741
2023-06-01,18:41:00,2799,2747
2023-06-02,18:47:00,2801,2753
2023-06-03,11:01:00,2804,2754
2023-06-04,14:53:30,2809,2759
2023-06-05,18:46:00,2814,2764
2023-06-06,19:14:00,2816,2770
2023-06-07,18:43:00,2819,2776
2023-06-08,18:45:00,2821,2780
2023-06-09,18:39:00,2824,2786
2023-06-10,10:39:00,2828,2788
2023-06-11,17:11:00,2836,2790
2023-06-12,18:42:00,2839,2799
2023-06-13,18:55:00,2843,2800
2023-06-14,18:51:00,2846,2807
2023-06-15,19:03:00,2850,2808
2023-06-16,18:32:00,2854,2817
2023-06-17,16:56:30,2859.5,2818
2023-06-18,15:21:00,2865,2819
2023-06-19,18:59:00,2870,2821
2023-06-20,15:34:00,2872,2830
2023-06-21,19:03:00,2876,2831
2023-06-22,18:55:00,2879,2832
2023-06-23,18:44:00,2882,2840
2023-06-24,17:16:00,2888,2841
2023-06-25,18:01:00,2893.5,2842.5
2023-06-26,18:46:00,2899,2844
2023-06-27,19:08:00,2902,2853
2023-06-28,19:03:00,2906,2854
2023-06-29,18:33:00,2909,2855
2023-06-30,18:54:00,2912,2864
2023-07-01,16:24:00,2917,2865
2023-07-02,16:16:00,2923,2865
2023-07-03,18:44:00,2927,2866
2023-07-04,19:09:00,2930,2875
2023-07-05,18:39:00,2933,2875
2023-07-06,19:04:00,2936,2876
2023-07-07,18:45:00,2938,2884
2023-07-08,18:50:00,2943.7,2885.3
2023-07-09,18:55:00,2949.4,2886.6
2023-07-10,19:00:00,2955,2888
2023-07-11,18:06:00,2960,2897
2023-07-12,19:41:00,2964,2897
2023-07-13,19:23:00,2968,2899
2023-07-14,19:14:00,2972,2907
2023-07-15,09:42:00,2976,2908
2023-07-16,15:22:00,2984,2909
2023-07-17,18:45:00,2988,2910
2023-07-18,18:30:00,2991,2918
2023-07-19,19:06:00,2994,2918
2023-07-20,19:06:00,2998,2919
2023-07-21,18:44:00,3001,2920
2023-07-22,12:02:00,3005,2930
2023-07-23,14:09:00,3012,2932
2023-07-24,19:03:00,3017,2932
2023-07-25,18:42:00,3021,2933
2023-07-26,19:52:00,3024,2943
2023-07-27,19:11:00,3028,2944
2023-07-28,18:40:00,3031,2945
2023-07-29,19:09:00,3039,2946
2023-07-30,15:47:00,3044,2955
2023-07-31,20:02:00,3048,2956
2023-08-01,18:49:00,3051,2957
2023-08-02,19:25:00,3056,2958
2023-08-03,19:07:00,3059,2968
2023-08-04,18:38:00,3063,2969
2023-08-05,16:16:30,3068.5,2970
2023-08-06,13:55:00,3074,2971
2023-08-07,18:44:00,3079,2980
2023-08-08,18:34:00,3083,2981
2023-08-09,18:26:00,3086,2982
2023-08-10,18:44:00,3090,2990
2023-08-11,18:57:00,3093,2990
2023-08-12,18:31:00,3100,2992
2023-08-13,15:09:00,3107,2993
2023-08-14,18:38:00,3112,3002
2023-08-15,18:24:00,3115,3003
2023-08-16,18:35:00,3119,3003
2023-08-17,19:28:00,3122,3011
2023-08-18,18:26:00,3125,3012
2023-08-19,18:29:40,3130.7,3013
2023-08-20,18:33:20,3136.4,3014
2023-08-21,18:37:00,3142,3023
2023-08-22,19:07:00,3146,3025
2023-08-23,18:28:00,3149,3026
2023-08-24,18:44:00,3152,3033
2023-08-25,19:10:00,3156,3034
2023-08-26,13:19:00,3160,3035
2023-08-27,16:05:00,3167.5,3037
2023-08-28,18:51:00,3175,3046
2023-08-29,18:47:00,3178,3047
2023-08-30,18:48:00,3182,3048
2023-08-31,18:35:00,3186,3057
2023-09-01,19:10:00,3191,3058
2023-09-02,18:21:00,3197,3059
2023-09-03,18:25:30,3202,3060
2023-09-04,18:30:00,3207,3069
2023-09-05,18:30:00,3210,3070
2023-09-06,04:52:00,3212,3071
2023-09-07,05:10:56,3213,3071.428571
2023-09-08,05:29:51,3214,3071.857143
2023-09-09,05:48:47,3215,3072.285714
2023-09-10,06:07:43,3216,3072.714286
2023-09-11,06:26:39,3217,3073.142857
2023-09-12,06:45:34,3218,3073.571429
2023-09-13,07:04:30,3219,3074
2023-09-14,07:23:26,3220,3074.428571
2023-09-15,07:42:21,3221,3074.857143
2023-09-16,08:01:17,3222,3075.285714
2023-09-17,08:20:13,3223,3075.714286
2023-09-18,08:39:09,3224,3076.142857
2023-09-19,08:58:04,3225,3076.571429
2023-09-20,09:17:00,3226,3077
2023-09-21,18:43:00,3232,3086
2023-09-22,18:47:00,3235,3091
2023-09-23,16:29:30,3239.5,3092
2023-09-24,14:12:00,3244,3093
2023-09-25,18:45:00,3250,3100
2023-09-26,19:06:00,3253,3101
2023-09-27,18:39:00,3256,3102
2023-09-28,19:45:00,3259,3110
2023-09-29,18:55:00,3262,3111
2023-09-30,15:27:00,3268,3111
2023-10-01,00:17:00,3272,3111
2023-10-02,07:28:00,3277,3123
2023-10-03,07:20:00,3281,3124
2023-10-04,07:29:00,3285,3124
2023-10-05,08:44:00,3289,3133
2023-10-06,07:16:00,3292,3134
2023-10-07,07:05:00,3296,3135
2023-10-08,23:59:30,3306,3138
2023-10-09,00:28:00,3306,3138
2023-10-10,07:27:00,3310,3152
2023-10-11,07:22:00,3314,3153
2023-10-12,07:22:00,3317,3162
2023-10-13,07:33:00,3320,3163
2023-10-14,11:59:00,3324,3164
2023-10-15,13:37:00,3331,3167
2023-10-16,18:54:00,3337,3179
2023-10-17,18:57:00,3342,3182
2023-10-18,18:48:00,3349,3185
2023-10-19,18:22:00,3353,3197
2023-10-20,18:58:00,3358,3199
2023-10-21,10:21:00,3366,3202
2023-10-22,10:46:30,3373,3204
2023-10-23,18:46:00,3380,3213
2023-10-24,18:35:00,3387,3215
2023-10-25,19:31:00,3392,3216
2023-10-26,18:52:00,3397,3227
2023-10-27,18:50:00,3402,3228
2023-10-28,18:50:00,3413,3229
2023-10-29,18:50:00,3424,3230
2023-10-30,18:50:00,3426,3241
2023-10-31,18:49:00,3432,3242
2023-11-01,18:34:00,3439,3243
2023-11-02,18:54:00,3447,3253
2023-11-03,18:47:00,3452,3255
2023-11-04,18:46:00,3462,3256
2023-11-05,18:45:00,3471,3257
2023-11-06,18:44:00,3481,3268
2023-11-07,18:41:00,3489,3269
2023-11-08,18:43:00,3496,3271
2023-11-09,18:48:00,3505,3281
2023-11-10,18:38:00,3512,3282
2023-11-11,10:42:00,3518,3285
2023-11-12,10:01:00,3529,3297
2023-11-13,18:42:00,3542,3301
2023-11-14,18:41:00,3548,3303
2023-11-15,18:42:00,3554,3305
2023-11-16,19:04:00,3561,3317
2023-11-17,19:06:00,3567,3319
2023-11-18,11:21:00,3573,3322
2023-11-19,14:58:30,3584,3326
2023-11-20,18:36:00,3590,3338
2023-11-21,18:35:00,3597,3340
2023-11-22,18:37:00,3603,3350
2023-11-23,18:50:00,3608,3352
2023-11-24,18:54:00,3613,3362
2023-11-25,11:25:00,3624,3367
2023-11-26,15:05:00,3639,3373
2023-11-27,18:45:00,3649,3385
2023-11-28,19:31:00,3659,3389
2023-11-29,18:47:00,3669,3401
2023-11-30,19:11:00,3684,3407
2023-12-01,18:50:00,3700,3420
2023-12-02,17:16:00,3723,3428
2023-12-03,15:42:00,3739,3436
2023-12-04,19:02:00,3754,3450
2023-12-05,18:40:00,3764,3454
2023-12-06,19:01:00,3775,3465
2023-12-07,13:34:00,3787,3470
2023-12-08,19:12:00,3802,3483
2023-12-09,19:00:00,3815,3487
2023-12-10,18:45:00,3828,3491
2023-12-11,18:30:00,3835,3503
2023-12-12,18:59:00,3844,3506
2023-12-13,18:28:00,3852,3518
2023-12-14,18:56:00,3861,3521
2023-12-15,19:05:00,3871,3534
2023-12-16,19:52:00,3884,3537
2023-12-17,19:10:00,3895,3541
2023-12-18,18:28:00,3901,3553
2023-12-19,18:54:00,3909,3556
2023-12-20,22:18:00,3921,3568
2023-12-21,17:38:00,3927,3571
2023-12-22,16:33:00,3933,3581
2023-12-23,16:35:00,3942,3583.5
2023-12-24,16:37:00,3951,3586
2023-12-25,17:28:00,3962,3598
2023-12-26,18:20:00,3968,3602
2023-12-27,19:40:00,3976,3616
2023-12-28,18:13:00,3984,3619
2023-12-29,20:37:00,3996,3630
2023-12-30,17:34:30,4007,3633
2023-12-31,14:32:00,4018,3644
2024-01-01,13:07:00,4027,3650
2024-01-02,19:28:00,4040,3660
2024-01-03,18:26:00,4049,3669
2024-01-04,18:39:00,4060,3673
2024-01-05,18:59:00,4069,3687
2024-01-06,19:00:00,4080.5,3691
2024-01-07,18:45:00,4092,3695
2024-01-08,18:29:00,4104,3709
2024-01-09,18:55:00,4119,3711
2024-01-10,18:36:00,4133,3721
2024-01-11,18:29:00,4145,3724
2024-01-12,15:45:00,4151,3738
2024-01-13,16:10:51,4152,3739
2024-01-14,16:36:43,4152.9,3739.3
2024-01-15,17:02:34,4153.82,3739.61
2024-01-16,17:28:26,4154.74,3739.92
2024-01-17,17:54:17,4155.66,3740.23
2024-01-18,18:20:09,4156.58,3740.54
2024-01-19,18:46:00,4157.5,3740.85
2024-01-20,19:11:51,4158.42,3741.16
2024-01-21,19:37:43,4159.34,3741.47
2024-01-22,20:03:34,4160.26,3741.78
2024-01-23,20:29:26,4161.18,3742.09
2024-01-24,20:55:17,4162.1,3742.4
2024-01-25,21:21:09,4163.02,3742.71
2024-01-26,21:47:00,4164,3743
2024-01-27,20:35:00,4199,3750
2024-01-28,17:05:00,4210,3753
2024-01-29,19:00:00,4217,3761
2024-01-30,18:49:00,4227,3763
2024-01-31,18:31:00,4236,3775
2024-02-01,18:52:00,4245,3779
2024-02-02,18:46:00,4253,3792
2024-02-03,18:44:00,4263,3794.5
2024-02-04,18:42:00,4273,3797
2024-02-05,18:40:00,4283,3809
2024-02-06,18:51:00,4291,3812
2024-02-07,18:39:00,4297,3825
2024-02-08,18:33:00,4306,3829
2024-02-09,18:41:00,4317,3843
2024-02-10,16:06:00,4343,3850
2024-02-11,16:57:00,4359,3858
2024-02-12,18:45:00,4374,3876
2024-02-13,18:49:00,4386,3882
2024-02-14,18:30:00,4395,3896
2024-02-15,18:44:00,4403,3897
2024-02-16,18:55:00,4414,3908
2024-02-17,21:18:00,4425,3913
2024-02-18,13:47:00,4430,3916
2024-02-19,18:34:00,4439,3927
2024-02-20,18:19:00,4447,3929
2024-02-21,18:39:00,4455,3938
2024-02-22,18:37:00,4465,3940
2024-02-23,18:51:00,4477,3953
2024-02-24,15:44:00,4491,3961
2024-02-25,15:14:00,4505,3970
2024-02-26,18:30:00,4521,3987
2024-02-27,18:51:00,4536,3995
2024-02-28,18:27:00,4550,4009
2024-02-29,18:41:00,4562,4015
2024-03-01,18:38:00,4578,4030
2024-03-02,10:57:00,4589,4042
2024-03-03,14:57:00,4610,4053
2024-03-04,18:57:00,4625,4070
2024-03-05,18:28:00,4637,4078
2024-03-06,19:06:00,4652,4089
2024-03-07,18:19:00,4664,4097
2024-03-08,18:29:00,4679,4111
2024-03-09,18:30:20,4697.5,4119.5
2024-03-10,18:31:40,4716,4128
2024-03-11,18:33:00,4726,4145
2024-03-12,18:27:00,4737,4152
2024-03-13,18:34:00,4744,4165
2024-03-14,19:04:00,4752,4167
2024-03-15,18:57:00,4758,4175
2024-03-16,18:58:20,4769,4177.5
2024-03-17,18:59:40,4780,4180
2024-03-18,18:40:00,4784,4192
2024-03-19,18:55:00,4790,4194
2024-03-20,18:51:00,4797,4203
2024-03-21,18:40:00,4804,4205
2024-03-22,18:47:00,4811,4213
2024-03-23,18:48:20,4823,4216
2024-03-24,18:49:40,4836,4219
2024-03-25,18:28:00,4841,4232
2024-03-26,18:31:00,4849,4235
2024-03-27,18:54:00,4859,4248
2024-03-28,18:37:00,4865,4252
2024-03-29,18:41:00,4873,4262
2024-03-30,17:57:30,4883.5,4267
2024-03-31,17:14:00,4894,4272
2024-04-01,18:29:00,4901,4285
2024-04-02,18:26:00,4906,4288
2024-04-03,18:43:00,4911,4298
2024-04-04,18:57:00,4916,4301
2024-04-05,18:41:00,4919,4310
2024-04-06,13:20:00,4924,4313
2024-04-07,20:34:00,4932,4314
2024-04-08,19:01:00,4935,4322
2024-04-09,18:38:00,4940,4323
2024-04-10,18:48:00,4943,4330
2024-04-11,18:56:00,4948,4331
2024-04-12,18:40:00,4952,4341
2024-04-13,14:01:00,4956,4344
2024-04-14,16:14:00,4963,4347
2024-04-15,18:27:00,4968,4357
2024-04-16,18:34:00,4973,4359
2024-04-17,19:10:00,4979,4367
2024-04-18,18:51:00,4985,4368
2024-04-19,18:26:00,4990,4382
2024-04-20,13:10:00,4997,4385
2024-04-21,07:54:00,5004,4388
2024-04-22,08:56:17,5004.8571,4388.2857
2024-04-23,09:58:34,5005.7142,4388.5714
2024-04-24,11:00:51,5006.5713,4388.8571
2024-04-25,12:03:09,5007.4284,4389.1428
2024-04-26,13:05:26,5008.2855,4389.4285
2024-04-27,14:07:43,5009.1426,4389.7142
2024-04-28,15:10:00,5010,4390
2024-04-29,18:34:00,5029,4393
2024-04-30,18:44:00,5034,4394
2024-05-01,19:10:00,5037,4404
2024-05-02,19:02:00,5041,4405
2024-05-03,18:20:00,5044,4412
2024-05-04,16:56:30,5049.5,4414
2024-05-05,15:33:00,5055,4416
2024-05-06,18:51:00,5059,4425
2024-05-07,18:56:00,5062,4426
2024-05-08,18:42:00,5066,4434
2024-05-09,18:41:00,5070,4435
2024-05-10,18:37:00,5074,4442
2024-05-11,18:41:00,5080,4446
2024-05-12,18:45:00,5086,4450
2024-05-13,18:49:00,5091,4458
2024-05-14,18:31:00,5094,4459
2024-05-15,18:58:00,5098,4465
2024-05-16,18:40:00,5101,4466
2024-05-17,18:29:00,5104,4473
2024-05-18,20:00:00,5115,4474
2024-05-19,14:04:00,5119,4477
2024-05-20,18:51:00,5125,4487
2024-05-21,18:40:00,5132,4492
2024-05-22,18:34:00,5137,4494
2024-05-23,18:35:00,5143,4496
2024-05-24,14:48:00,5146,4507
2024-05-25,21:50:00,5156,4510
2024-05-26,20:23:00,5160.5,4511.5
2024-05-27,18:56:00,5165,4513
2024-05-28,18:30:00,5168,4523
2024-05-29,18:45:00,5171,4524
2024-05-30,18:51:00,5175,4524
2024-05-31,19:10:00,5178,4534
2024-06-01,18:44:00,5185,4538
2024-06-02,13:13:00,5188,4539
2024-06-03,18:25:00,5194,4541
2024-06-04,18:46:00,5198,4551
2024-06-05,18:35:00,5202,4552
2024-06-06,19:29:00,5205,4552
2024-06-07,18:45:00,5209,4562
2024-06-08,18:47:40,5214.3,4563.7
2024-06-09,18:50:20,5219.6,4565.4
2024-06-10,18:53:00,5225,4567
2024-06-11,18:28:00,5229,4577
2024-06-12,18:45:00,5233,4578
2024-06-13,18:43:00,5236,4579
2024-06-14,18:44:00,5240,4589
2024-06-15,18:52:00,5246,4591
2024-06-16,08:05:00,5248,4593
2024-06-17,08:20:55,5249.18,4593.45
2024-06-18,08:36:49,5250.36,4593.9
2024-06-19,08:52:44,5251.54,4594.35
2024-06-20,09:08:38,5252.72,4594.8
2024-06-21,09:24:33,5253.9,4595.25
2024-06-22,09:40:27,5255.08,4595.7
2024-06-23,09:56:22,5256.26,4596.15
2024-06-24,10:12:16,5257.44,4596.6
2024-06-25,10:28:11,5258.62,4597.05
2024-06-26,10:44:05,5259.8,4597.5
2024-06-27,11:00:00,5261,4598
2024-06-28,18:45:00,5275,4601
2024-06-29,16:48:00,5280,4602.7
2024-06-30,14:24:00,5285,4604.4
2024-07-01,09:31:00,5290,4606
2024-07-02,19:00:00,5296,4616
2024-07-03,18:47:00,5299,4617
2024-07-04,18:53:00,5302,4618
2024-07-05,18:33:00,5305,4629
2024-07-06,12:44:00,5311,4632
2024-07-07,15:37:00,5319,4633
2024-07-08,18:30:00,5323,4634
2024-07-09,18:34:00,5326,4644
2024-07-10,18:36:00,5331,4644
2024-07-11,18:30:00,5335,4645
2024-07-12,18:23:00,5338,4654
2024-07-13,15:46:00,5344,4658
2024-07-14,17:12:00,5349,4659
2024-07-15,18:38:00,5354,4660
2024-07-16,18:34:00,5357,4670
2024-07-17,18:47:00,5361,4670
2024-07-18,18:42:00,5365,4671
2024-07-19,18:43:00,5369,4680
2024-07-20,18:45:00,5375,4682
2024-07-21,18:47:00,5381,4684
2024-07-22,18:49:00,5385,4685
2024-07-23,18:47:00,5388,4695
2024-07-24,18:55:00,5392,4696
2024-07-25,18:46:00,5395,4697
2024-07-26,18:56:00,5398,4704
2024-07-27,14:14:00,5405,4705
2024-07-28,16:38:00,5411,4706
2024-07-29,19:02:00,5417,4707
2024-07-30,18:32:00,5420,4716
2024-07-31,19:08:00,5424,4717
2024-08-01,18:54:00,5427,4718
2024-08-02,18:36:00,5431,4726
2024-08-03,18:34:40,5439,4729
2024-08-04,18:33:20,5447,4732
2024-08-05,18:32:00,5453,4734
2024-08-06,18:32:00,5457,4742
2024-08-07,18:58:00,5460,4743
2024-08-08,19:03:00,5464,4744
2024-08-09,18:18:00,5468,4752
2024-08-10,18:36:20,5475,4754.5
2024-08-11,18:54:40,5482,4757
2024-08-12,19:13:00,5486,4758
2024-08-13,18:35:00,5490,4767
2024-08-14,18:49:00,5494,4768
2024-08-15,18:30:00,5497,4769
2024-08-16,18:27:00,5502,4776
2024-08-17,19:52:00,5510,4779
2024-08-18,19:18:00,5517,4780
2024-08-19,18:44:00,5519,4781
2024-08-20,18:34:00,5522,4790
2024-08-21,18:28:00,5526,4791
2024-08-22,18:52:00,5529,4792
2024-08-23,18:37:00,5533,4800
2024-08-24,14:16:00,5538,4803
2024-08-25,16:29:00,5546,4804
2024-08-26,18:42:00,5549,4805
2024-08-27,18:48:30,5553,4814
2024-08-28,18:55:00,5556,4815
2024-08-29,18:54:00,5560,4815
2024-08-30,18:39:00,5563,4823
2024-08-31,13:02:00,5567,4826
2024-09-01,15:56:30,5575,4827
2024-09-02,18:51:00,5579,4828
2024-09-03,19:00:00,5583,4839
2024-09-04,18:53:00,5587,4840
2024-09-05,18:48:00,5590,4840
2024-09-06,18:48:00,5594,4848
2024-09-07,18:53:00,5600.5,4851
2024-09-08,18:58:00,5607,4852
2024-09-09,19:03:00,5610,4853
2024-09-10,18:46:00,5613,4861
2024-09-11,18:38:00,5617,4862
2024-09-12,18:23:00,5620,4864
2024-09-13,18:22:00,5623,4873
2024-09-14,18:29:00,5629.5,4876
2024-09-15,18:36:00,5636,4877
2024-09-16,18:43:00,5639,4878
2024-09-17,18:24:00,5643,4888
2024-09-18,18:56:00,5647,4888
2024-09-19,18:59:00,5651,4889
2024-09-20,18:56:00,5655,4898
2024-09-21,18:50:40,5662.5,4901
2024-09-22,18:45:20,5670,4901.5
2024-09-23,18:40:00,5673,4902
2024-09-24,18:46:00,5678,4912
2024-09-25,18:50:00,5681,4913
2024-09-26,18:55:00,5685,4914
2024-09-27,18:42:00,5688,4923
2024-09-28,18:39:20,5698,4924
2024-09-29,18:36:40,5705,4926
2024-09-30,18:34:00,5711,4928
2024-10-01,19:05:00,5716,4939
2024-10-02,19:10:00,5719,4940
2024-10-03,18:16:00,5724,4941
2024-10-04,18:27:00,5727,4952
2024-10-05,18:24:40,5735,4956
2024-10-06,18:22:20,5741,4957
2024-10-07,18:20:00,5747,4958
2024-10-08,18:30:00,5754,4970
2024-10-09,18:27:00,5759,4972
2024-10-10,19:24:00,5765,4974
2024-10-11,18:45:00,5768,4984
2024-10-12,14:47:00,5775,4986.5
2024-10-13,10:49:00,5782,4989
2024-10-14,18:22:00,5799,4994
2024-10-15,14:09:30,5806,5005
2024-10-16,09:57:00,5813,5009
2024-10-17,04:35:00,5818,5010
2024-10-18,04:48:19,5818.642857,5010.25
2024-10-19,05:01:39,5819.285714,5010.5
2024-10-20,05:14:58,5819.928571,5010.75
2024-10-21,05:28:17,5820.571429,5011
2024-10-22,05:41:36,5821.214286,5011.25
2024-10-23,05:54:56,5821.857143,5011.5
2024-10-24,06:08:15,5822.5,5011.75
2024-10-25,06:21:34,5823.142857,5012
2024-10-26,06:34:54,5823.785714,5012.25
2024-10-27,06:48:13,5824.428571,5012.5
2024-10-28,07:01:32,5825.071429,5012.75
2024-10-29,07:14:51,5825.714286,5013
2024-10-30,07:28:11,5826.357143,5013.25
2024-10-31,07:41:30,5827,5013.5
2024-11-01,07:54:49,5827.642857,5013.75
2024-11-02,08:08:09,5828.285714,5014
2024-11-03,08:21:28,5828.928571,5014.25
2024-11-04,08:34:47,5829.571429,5014.5
2024-11-05,08:48:06,5830.214286,5014.75
2024-11-06,09:01:26,5830.857143,5015
2024-11-07,09:14:45,5831.5,5015.25
2024-11-08,09:28:04,5832.142857,5015.5
2024-11-09,09:41:24,5832.785714,5015.75
2024-11-10,09:54:43,5833.428571,5016
2024-11-11,10:08:02,5834.071429,5016.25
2024-11-12,10:21:21,5834.714286,5016.5
2024-11-13,10:34:41,5835.357143,5016.75
2024-11-14,10:48:00,5836,5017
2024-11-15,10:12:00,5858,5021
2024-11-16,11:07:00,5870,5022
2024-11-17,10:33:00,5881,5024
2024-11-18,11:40:00,5891,5035
2024-11-19,11:00:00,5905,5040
2024-11-20,15:25:00,5927,5047
2024-11-21,14:38:00,5944,5061
2024-11-22,15:28:00,5970,5063
2024-11-23,15:38:00,5989,5066
2024-11-24,18:56:00,6001,5077
2024-11-25,11:04:00,6006,5079
2024-11-26,13:02:00,6019,5080
2024-11-27,13:26:00,6034,5089
2024-11-28,13:28:50,6046,5092
2024-11-29,13:31:40,6058,5102
2024-11-30,13:34:30,6070,5105
2024-12-01,13:37:20,6082,5108
2024-12-02,13:40:10,6094,5121
2024-12-03,13:43:00,6106,5124
2024-12-04,14:40:00,6118,5127
2024-12-05,15:36:00,6129,5139
2024-12-06,17:02:00,6142,5141.7
2024-12-07,18:28:00,6155,5144.4
2024-12-08,19:54:00,6168,5147
2024-12-09,17:40:00,6177,5150
2024-12-10,12:48:00,6186,5162
2024-12-11,16:23:00,6202,5165
2024-12-12,16:15:00,6215,5168
2024-12-13,18:19:00,6231,5170
2024-12-14,17:06:00,6243,5184
2024-12-15,13:52:00,6253,5188
2024-12-16,17:18:00,6264,5190
2024-12-17,16:33:00,6274,5202
2024-12-18,15:48:00,6281,5203
2024-12-19,22:16:00,6298,5205
2024-12-20,17:39:30,6307,5207
2024-12-21,13:03:00,6315,5209
2024-12-22,15:07:00,6329,5222
2024-12-23,14:14:00,6342,5225
2024-12-24,10:46:00,6350,5238
2024-12-25,11:58:40,6364,5238.7
2024-12-26,13:11:20,6378,5239.4
2024-12-27,14:24:00,6392,5240
2024-12-28,15:18:20,6403.3,5252
2024-12-29,16:12:40,6414.6,5254
2024-12-30,17:07:00,6426,5258
2024-12-31,14:53:00,6434,5269
2025-01-01,14:12:00,6442,5278
2025-01-02,14:53:00,6457,5280.5
2025-01-03,15:34:00,6472,5283
2025-01-04,15:09:20,6492.3,5294
2025-01-05,14:44:40,6512.6,5298.5
2025-01-06,14:20:00,6533,5303
2025-01-07,06:42:00,6538,5305
2025-01-08,07:16:51,6538.9,5305.3
2025-01-09,07:51:43,6539.8,5305.6
2025-01-10,08:26:34,6540.7,5305.9
2025-01-11,09:01:26,6541.6,5306.2
2025-01-12,09:36:17,6542.5,5306.5
2025-01-13,10:11:09,6543.4,5306.8
2025-01-14,10:46:00,6544,5307
2025-01-15,13:10:00,6583,5322
2025-01-16,11:58:00,6599.5,5331
2025-01-17,10:46:00,6616,5336
2025-01-18,11:59:30,6631.5,5342
2025-01-19,13:13:00,6647,5348
2025-01-20,12:38:00,6666,5363
2025-01-21,13:17:00,6681,5371
2025-01-22,13:13:40,6693.3,5376
2025-01-23,13:10:20,6705.6,5390
2025-01-24,13:07:00,6718,5395
2025-01-25,14:04:00,6730,5399
2025-01-26,12:03:00,6742,5405
2025-01-27,14:19:00,6759,5420
2025-01-28,14:04:30,6771.5,5423
2025-01-29,13:50:00,6784,5426
2025-01-30,13:06:30,6796,5439
2025-01-31,12:23:00,6808,5442
2025-02-01,16:00:00,6825,5445
2025-02-02,16:51:30,6837.5,5449
2025-02-03,17:43:00,6850,5464
2025-02-04,17:58:00,6861,5467
2025-02-05,13:41:00,6870,5469
2025-02-06,13:29:00,6885,5483
2025-02-07,14:18:00,6901.5,5488
2025-02-08,15:07:00,6918,5493
2025-02-09,20:13:00,6941,5501
2025-02-10,11:56:00,6948,5515
2025-02-11,10:05:00,6961,5521
2025-02-12,14:54:00,6981,5527
2025-02-13,11:06:00,6993,5543
2025-02-14,13:56:00,7012,5549
2025-02-15,13:03:00,7027,5555
2025-02-16,16:49:00,7050,5562
2025-02-17,16:20:00,7065,5579
2025-02-18,15:09:00,7081,5585
2025-02-19,13:54:00,7097,5592
2025-02-20,16:27:00,7114,5606
2025-02-21,19:14:00,7125,5607
2025-02-22,18:05:00,7134,5609.5
2025-02-23,16:56:00,7143,5612
2025-02-24,15:09:30,7151.5,5618.5
2025-02-25,13:23:00,7160,5625
2025-02-26,16:02:00,7173,5628
2025-02-27,16:06:00,7184,5639
2025-02-28,15:32:00,7196.7,5642
2025-03-01,14:58:00,7209.4,5648
2025-03-02,14:24:00,7222,5651
2025-03-03,11:29:00,7232,5663
2025-03-04,14:32:00,7244,5664
2025-03-05,14:35:00,7255,5667
2025-03-06,14:28:00,7265,5681
2025-03-07,13:47:00,7272,5682
2025-03-08,12:59:30,7280.5,5684
2025-03-09,12:12:00,7289,5686
2025-03-10,18:07:00,7301,5699
2025-03-11,11:53:00,7308,5700
2025-03-12,16:29:00,7324,5703
2025-03-13,13:17:00,7335,5717
2025-03-14,11:33:00,7345,5721
2025-03-15,16:06:00,7364,5728
2025-03-16,13:11:00,7375,5742
2025-03-17,16:54:00,7391,5745
2025-03-18,05:47:00,7393,5748
2025-03-19,06:19:40,7393.89,5748.33
2025-03-20,06:52:20,7394.78,5748.66
2025-03-21,07:25:00,7395.67,5748.99
2025-03-22,07:57:40,7396.56,5749.32
2025-03-23,08:30:20,7397.45,5749.65
2025-03-24,09:03:00,7398.34,5749.98
2025-03-25,09:35:40,7399.23,5750.31
2025-03-26,10:08:20,7400.12,5750.64
2025-03-27,10:41:00,7401,5751
2025-03-28,12:10:00,7413,5765
2025-03-29,14:20:00,7424,5766.5
2025-03-30,16:30:00,7435,5770
2025-03-31,17:22:00,7445,5780
2025-04-01,13:37:00,7450,5783
2025-04-02,20:08:00,7464,5784
2025-04-03,18:22:00,7473,5793
2025-04-04,17:39:00,7481,5794
2025-04-05,17:40:00,7491,5795
2025-04-06,14:45:00,7499,5797
2025-04-07,21:15:00,7514,5808
2025-04-08,11:02:00,7519,5809
2025-04-09,18:45:00,7535,5810
2025-04-10,16:32:00,7542.5,5820
2025-04-11,14:19:00,7550,5823
2025-04-12,14:27:30,7556,5824.5
2025-04-13,14:36:00,7562,5826
2025-04-14,13:34:00,7569,5837
2025-04-15,12:35:09,7574,5838
2025-04-16,14:24:00,7582,5839
2025-04-17,14:59:00,7590,5850
2025-04-18,15:17:20,7598.3,5851.3
2025-04-19,15:35:40,7606.6,5852.6
2025-04-20,15:54:00,7615,5854
2025-04-21,17:08:00,7625,5865
2025-04-22,16:50:00,7632,5867
2025-04-23,14:16:00,7638,5868
2025-04-24,18:36:00,7646,5879
2025-04-25,12:51:00,7651,5882
2025-04-26,13:28:00,7660,5883
2025-04-27,14:05:00,7669,5884
2025-04-28,16:21:00,7677,5894
2025-04-29,14:14:00,7683,5896
2025-04-30,09:17:00,7687,5897
2025-05-01,20:15:00,7698,5908
2025-05-02,19:43:00,7704,5909.5
2025-05-03,19:11:00,7710,5911
2025-05-04,16:34:00,7716,5912
2025-05-05,16:29:00,7722,5922
2025-05-06,12:58:00,7727,5924
2025-05-07,12:56:00,7732,5924
2025-05-08,18:35:00,7741,5934
2025-05-09,11:41:00,7745,5935
2025-05-10,15:07:00,7752,5936
2025-05-11,18:18:00,7761,5940
2025-05-12,14:46:00,7767,5950
2025-05-13,17:06:00,7775,5951
2025-05-14,19:06:00,7783,5952
2025-05-15,15:07:00,7788,5961
2025-05-16,13:39:00,7794,5962
2025-05-17,16:37:00,7802,5964
2025-05-18,13:36:00,7807,5965
2025-05-19,12:08:00,7813,5976
2025-05-20,16:21:00,7821,5977
2025-05-21,13:40:00,7826,5978
2025-05-22,21:39:00,7835,5987
2025-05-23,12:31:00,7838,5988
2025-05-24,14:54:10,7846,5989
2025-05-25,14:49:00,7854,5993
2025-05-26,14:01:00,7860,6002
2025-05-27,12:49:00,7865,6003
2025-05-28,14:09:00,7873,6004
2025-05-29,19:28:00,7883,6015
2025-05-30,15:32:00,7888,6017
2025-05-31,12:21:00,7893,6019
2025-06-01,12:46:00,7901,6022
2025-06-02,17:39:00,7910,6032
2025-06-03,18:20:00,7916,6033
2025-06-04,16:07:00,7920,6037
2025-06-05,17:56:00,7927,6044
2025-06-06,12:24:00,7932,6045
2025-06-07,14:12:20,7940,6046
2025-06-08,16:00:40,7948,6049
2025-06-09,17:49:00,7956,6059
2025-06-10,18:08:00,7963,6061
2025-06-11,17:03:00,7968,6062
2025-06-12,18:33:00,7977,6072
2025-06-13,12:11:00,7981,6073
2025-06-14,10:19:00,7987,6075
2025-06-15,13:41:00,7995,6076
2025-06-16,18:39:00,8005,6089
2025-06-17,18:37:00,8012,6090
2025-06-18,18:08:00,8019,6092
2025-06-19,18:12:00,8026,6101
2025-06-20,21:53:00,8030,6102
2025-06-21,18:08:00,8035.5,6103.5
2025-06-22,14:23:00,8041,6105
2025-06-23,17:48:00,8050,6113
2025-06-24,19:02:00,8057,6115
2025-06-25,19:56:00,8064,6116
2025-06-26,15:35:00,8070,6124
2025-06-27,17:21:00,8077,6125
2025-06-28,15:04:30,8083,6126.5
2025-06-29,12:48:00,8089,6128
2025-06-30,17:47:00,8100,6137
2025-07-01,12:23:00,8105,6138
2025-07-02,21:05:00,8115,6140
2025-07-03,17:06:00,8120,6147
2025-07-04,12:42:00,8125,6148
2025-07-05,11:15:00,8130,6150
2025-07-06,18:28:00,8142,6151
2025-07-07,16:38:00,8148,6161
2025-07-08,18:09:00,8157,6162
2025-07-09,18:14:00,8164,6163
2025-07-10,17:47:00,8171,6170
2025-07-11,17:07:00,8177,6172
2025-07-12,14:49:00,8183,6173
2025-07-13,14:28:00,8191,6175
2025-07-14,17:10:00,8199,6182
2025-07-15,18:17:00,8207,6183
2025-07-16,18:11:00,8214,6185
2025-07-17,17:09:00,8221,6187
2025-07-18,14:27:00,8227,6196
2025-07-19,13:21:00,8234,6197
2025-07-20,15:39:00,8244,6200
2025-07-21,17:57:00,8253,6207
2025-07-22,18:07:00,8261,6208
2025-07-23,14:53:00,8267,6210
2025-07-24,12:14:00,8273,6218
2025-07-25,17:30:00,8283,6220
2025-07-26,11:16:00,8288,6221
2025-07-27,14:31:00,8298,6225
2025-07-28,18:55:00,8308,6232
2025-07-29,17:59:00,8316,6234
2025-07-30,18:19:00,8324,6237
2025-07-31,15:34:00,8332,6245
2025-08-01,23:43:00,8337,6247
2025-08-02,18:50:30,8342,6249
2025-08-03,13:58:00,8347,6251
2025-08-04,19:02:00,8357,6259
2025-08-05,17:59:30,8363.5,6260.5
2025-08-06,16:57:00,8370,6262
2025-08-07,18:21:00,8378,6269
2025-08-08,16:32:00,8385,6271
2025-08-09,16:36:00,8392,6272
2025-08-10,14:06:00,8398,6274
2025-08-11,19:00:00,8409,6284
2025-08-12,18:49:00,8417,6287
2025-08-13,17:53:00,8424,6288
2025-08-14,17:45:00,8432,6295
2025-08-15,17:24:00,8440,6298
2025-08-16,14:04:00,8446,6304
2025-08-17,15:09:00,8455,6306
2025-08-18,19:27:00,8466,6312
2025-08-19,15:16:00,8473,6314
2025-08-20,14:34:00,8480,6315
2025-08-21,11:23:00,8486,6322
2025-08-22,16:43:00,8495,6324
2025-08-23,18:27:00,8504,6325
2025-08-24,14:35:00,8511,6328
2025-08-25,14:58:00,8519,6337
2025-08-26,17:50:00,8529,6338
2025-08-27,17:11:00,8536,6340
2025-08-28,16:03:00,8544,6348
2025-08-29,16:08:00,8551,6349
2025-08-30,12:57:00,8557,6351
2025-08-31,15:03:00,8566,6352
2025-09-01,12:20:00,8572,6361
2025-09-02,13:00:30,8579.5,6363
2025-09-03,13:41:00,8587,6365
2025-09-04,05:12:00,8591,6366
2025-09-05,05:34:17,8592.29,6366.57
2025-09-06,05:56:34,8593.58,6367.14
2025-09-07,06:18:51,8594.87,6367.71
2025-09-08,06:41:09,8596.16,6368.28
2025-09-09,07:03:26,8597.45,6368.85
2025-09-10,07:25:43,8598.74,6369.42
2025-09-11,07:48:00,8600.03,6369.99
2025-09-12,08:10:17,8601.32,6370.56
2025-09-13,08:32:34,8602.61,6371.13
2025-09-14,08:54:51,8603.9,6371.7
2025-09-15,09:17:09,8605.19,6372.27
2025-09-16,09:39:26,8606.48,6372.84
2025-09-17,10:01:43,8607.77,6373.41
2025-09-18,10:24:00,8609,6374
2025-09-19,13:19:00,8627,6375
2025-09-20,13:39:00,8633.5,6376
2025-09-21,13:59:00,8640,6377
2025-09-22,12:21:00,8646,6385
2025-09-23,16:42:00,8655,6386
2025-09-24,17:54:00,8660,6387
2025-09-25,16:20:00,8666.5,6396
2025-09-26,14:46:00,8673,6397
2025-09-27,14:26:20,8680.67,6398
2025-09-28,14:06:40,8688.34,6399
2025-09-29,13:47:00,8696,6412
2025-09-30,16:49:00,8706,6413
2025-10-01,08:55:00,8709,6414
2025-10-02,14:16:00,8719,6426
2025-10-03,13:54:00,8726,6427
2025-10-04,14:49:00,8736,6430
2025-10-05,17:39:00,8746,6432
2025-10-06,12:38:00,8751,6441
2025-10-07,13:52:00,8759,6443
2025-10-08,12:15:00,8767,6444
2025-10-09,15:35:00,8776,6452
2025-10-10,23:13:00,8785,6452
2025-10-11,19:19:30,8790.5,6453.5
2025-10-12,15:26:00,8796,6455
2025-10-13,12:34:00,8802,6465
2025-10-14,16:55:00,8811,6467
2025-10-15,15:52:00,8818,6469
2025-10-16,16:30:00,8826,6478
2025-10-17,13:37:00,8830,6479
2025-10-18,15:22:30,8839,6481
2025-10-19,17:08:00,8850,6483
2025-10-20,12:55:00,8855,6494
2025-10-21,20:53:00,8866,6495
2025-10-22,16:07:00,8873,6496
2025-10-23,20:06:00,8883,6505
2025-10-24,20:26:00,8893,6506.5
2025-10-25,20:46:00,8903,6508
2025-10-26,18:11:00,8918,6511
2025-10-27,16:08:00,8929,6521
2025-10-28,12:38:00,8939,6523
2025-10-29,14:29:00,8954,6526
2025-10-30,16:26:00,8970,6536
2025-10-31,06:34:00,8973,6537
2025-11-01,09:05:20,8974.67,6537.67
2025-11-02,11:36:40,8976.34,6538.34
2025-11-03,14:08:00,8978,6539
2025-11-04,14:15:00,8990,6549
2025-11-05,12:30:00,8997,6550
2025-11-06,16:11:00,9008,6552
2025-11-07,15:50:00,9015,6560
2025-11-08,16:54:00,9024,6561
2025-11-09,15:26:00,9034,6562
2025-11-10,18:38:00,9046,6571
2025-11-11,13:17:00,9055,6574
2025-11-12,13:53:00,9066,6575
2025-11-13,18:53:00,9078,6586
2025-11-14,17:11:00,9091,6588
2025-11-15,15:29:00,9104,6590
2025-11-16,13:47:00,9117,6593
2025-11-17,12:05:00,9130,6606
2025-11-18,12:19:00,9152,6608
2025-11-19,14:35:00,9172,6615
2025-11-20,15:44:00,9201,6628
2025-11-21,15:06:00,9221,6636
2025-11-22,15:12:00,9242,6646
2025-11-23,15:33:00,9264,6653
2025-11-24,14:04:00,9281,6668
2025-11-25,20:34:00,9304,6674
2025-11-26,16:22:00,9319,6681
2025-11-27,12:40:00,9333,6695
2025-11-28,16:17:00,9350,6697
2025-11-29,16:18:00,9365,6700
2025-11-30,16:23:00,9380,6706
2025-12-01,14:46:00,9394,6721
2025-12-02,14:06:00,9404,6723
2025-12-03,14:20:00,9419,6728
2025-12-04,13:57:00,9433,6743
2025-12-05,15:44:00,9452,6750
2025-12-06,23:30:00,9473,6755.459103
2025-12-07,17:49:00,9484,6761
2025-12-08,17:00:00,9497,6774
2025-12-09,14:26:00,9507,6776
2025-12-10,13:49:00,9517,6779
2025-12-11,16:36:00,9532,6791
2025-12-12,13:47:00,9541,6793
2025-12-13,16:10:00,9557,6796
2025-12-14,13:55:00,9568,6799
2025-12-15,14:58:00,9582,6810
2025-12-16,13:27:00,9589,6812
2025-12-17,14:57:00,9604,6819
2025-12-18,12:15:00,9613,6831
2025-12-19,15:03:00,9629,6835
2025-12-20,16:03:00,9646,6841
2025-12-21,12:45:00,9658,6846
2025-12-22,13:38:00,9672,6863
2025-12-23,11:56:00,9684,6867
2025-12-24,13:29:00,9700,6873
2025-12-25,13:27:00,9718,6887
2025-12-26,14:58:00,9737,6894
2025-12-27,12:30:00,9751,6901
2025-12-28,11:52:00,9770,6909
